id,section_id,name,time_start,time_end,day,created_at,updated_at
1,1,AB,09:20,10:10,---J---,"0000-00-00 00:00:00","0000-00-00 00:00:00"
2,1,AC,11:00,11:50,---J---,"0000-00-00 00:00:00","0000-00-00 00:00:00"
3,1,AD,13:00,13:50,---J---,"0000-00-00 00:00:00","0000-00-00 00:00:00"
4,1,AF,14:00,14:50,---J---,"0000-00-00 00:00:00","0000-00-00 00:00:00"
5,2,GA,08:45,09:35,--W----,"0000-00-00 00:00:00","0000-00-00 00:00:00"
6,2,GB,08:45,09:35,--W----,"0000-00-00 00:00:00","0000-00-00 00:00:00"
7,2,GC,16:15,17:05,---J---,"0000-00-00 00:00:00","0000-00-00 00:00:00"
8,2,GD,16:15,17:05,---J---,"0000-00-00 00:00:00","0000-00-00 00:00:00"
9,3,HA,17:45,18:35,---J---,"0000-00-00 00:00:00","0000-00-00 00:00:00"
10,3,HB,17:45,18:35,---J---,"0000-00-00 00:00:00","0000-00-00 00:00:00"
11,3,HC,16:15,17:05,-T-----,"0000-00-00 00:00:00","0000-00-00 00:00:00"
12,3,HD,08:45,09:35,M------,"0000-00-00 00:00:00","0000-00-00 00:00:00"
13,4,QA,08:45,09:35,--W----,"0000-00-00 00:00:00","0000-00-00 00:00:00"
14,4,QB,08:45,09:35,--W----,"0000-00-00 00:00:00","0000-00-00 00:00:00"
15,4,QE,16:15,17:05,---J---,"0000-00-00 00:00:00","0000-00-00 00:00:00"
16,4,QF,16:15,17:05,---J---,"0000-00-00 00:00:00","0000-00-00 00:00:00"
17,4,EA,08:45,09:35,----F--,"0000-00-00 00:00:00","0000-00-00 00:00:00"
18,4,EB,08:45,09:35,----F--,"0000-00-00 00:00:00","0000-00-00 00:00:00"
19,4,EC,16:15,17:05,-T-----,"0000-00-00 00:00:00","0000-00-00 00:00:00"
20,4,ED,16:15,17:05,-T-----,"0000-00-00 00:00:00","0000-00-00 00:00:00"
21,10,AE,08:30,10:10,-T-J---,"0000-00-00 00:00:00","0000-00-00 00:00:00"
22,10,AF,08:30,10:10,-T-J---,"0000-00-00 00:00:00","0000-00-00 00:00:00"
23,11,PA,13:15,14:55,----F--,"0000-00-00 00:00:00","0000-00-00 00:00:00"
24,11,PB,13:15,14:55,----F--,"0000-00-00 00:00:00","0000-00-00 00:00:00"
25,12,RA,08:20,10:00,M------,"0000-00-00 00:00:00","0000-00-00 00:00:00"
26,12,RB,08:20,10:00,M------,"0000-00-00 00:00:00","0000-00-00 00:00:00"
27,13,TA,13:15,14:55,M------,"0000-00-00 00:00:00","0000-00-00 00:00:00"
28,13,TB,13:15,14:55,M------,"0000-00-00 00:00:00","0000-00-00 00:00:00"
29,14,UA,14:15,15:55,----F--,"0000-00-00 00:00:00","0000-00-00 00:00:00"
30,14,UB,14:15,15:55,M------,"0000-00-00 00:00:00","0000-00-00 00:00:00"
31,15,VA,13:45,15:25,---J---,"0000-00-00 00:00:00","0000-00-00 00:00:00"
32,15,VB,13:45,15:25,---J---,"0000-00-00 00:00:00","0000-00-00 00:00:00"
33,16,XA,13:15,14:55,M------,"0000-00-00 00:00:00","0000-00-00 00:00:00"
34,16,XB,13:15,14:55,M------,"0000-00-00 00:00:00","0000-00-00 00:00:00"
35,17,XE,15:45,17:25,----F--,"0000-00-00 00:00:00","0000-00-00 00:00:00"
36,17,XF,15:45,17:25,----F--,"0000-00-00 00:00:00","0000-00-00 00:00:00"
37,18,FA,18:00,19:40,M------,"0000-00-00 00:00:00","0000-00-00 00:00:00"
38,18,FB,17:45,19:25,----F--,"0000-00-00 00:00:00","0000-00-00 00:00:00"
39,18,FC,18:00,19:40,M------,"0000-00-00 00:00:00","0000-00-00 00:00:00"
40,18,FD,17:45,19:25,----F--,"0000-00-00 00:00:00","0000-00-00 00:00:00"
41,18,FE,18:00,19:40,M------,"0000-00-00 00:00:00","0000-00-00 00:00:00"
42,19,GA,16:10,17:50,M------,"0000-00-00 00:00:00","0000-00-00 00:00:00"
43,19,GB,17:45,19:25,----F--,"0000-00-00 00:00:00","0000-00-00 00:00:00"
44,19,GC,16:10,17:50,M------,"0000-00-00 00:00:00","0000-00-00 00:00:00"
45,19,GD,17:45,19:25,----F--,"0000-00-00 00:00:00","0000-00-00 00:00:00"
46,19,GE,16:10,17:50,M------,"0000-00-00 00:00:00","0000-00-00 00:00:00"
47,19,GF,18:00,19:00,M------,"0000-00-00 00:00:00","0000-00-00 00:00:00"
48,20,JA,15:45,17:25,----F--,"0000-00-00 00:00:00","0000-00-00 00:00:00"
49,20,JB,15:45,17:25,----F--,"0000-00-00 00:00:00","0000-00-00 00:00:00"
50,20,JC,15:45,17:25,----F--,"0000-00-00 00:00:00","0000-00-00 00:00:00"
51,20,JD,15:45,17:25,----F--,"0000-00-00 00:00:00","0000-00-00 00:00:00"
52,21,CD,08:45,10:25,-T-J---,"0000-00-00 00:00:00","0000-00-00 00:00:00"
53,21,CE,08:45,10:25,-T-J---,"0000-00-00 00:00:00","0000-00-00 00:00:00"
54,21,CF,08:45,10:25,-T-J---,"0000-00-00 00:00:00","0000-00-00 00:00:00"
55,21,CG,08:45,10:25,-T-J---,"0000-00-00 00:00:00","0000-00-00 00:00:00"
56,21,CH,08:45,10:25,-T-J---,"0000-00-00 00:00:00","0000-00-00 00:00:00"
57,22,PA,10:45,12:25,M------,"0000-00-00 00:00:00","0000-00-00 00:00:00"
58,22,PB,10:45,12:25,M------,"0000-00-00 00:00:00","0000-00-00 00:00:00"
59,23,QA,10:45,12:25,M------,"0000-00-00 00:00:00","0000-00-00 00:00:00"
60,23,QB,10:45,12:25,M------,"0000-00-00 00:00:00","0000-00-00 00:00:00"
61,24,JA,17:45,19:25,M------,"0000-00-00 00:00:00","0000-00-00 00:00:00"
62,24,JB,19:40,21:20,M------,"0000-00-00 00:00:00","0000-00-00 00:00:00"
63,24,JC,13:15,15:05,M------,"0000-00-00 00:00:00","0000-00-00 00:00:00"
64,25,RA,14:15,15:55,----F--,"0000-00-00 00:00:00","0000-00-00 00:00:00"
65,25,RB,14:15,15:55,----F--,"0000-00-00 00:00:00","0000-00-00 00:00:00"
66,25,RC,14:15,15:55,----F--,"0000-00-00 00:00:00","0000-00-00 00:00:00"
67,26,SA,08:20,10:00,M------,"0000-00-00 00:00:00","0000-00-00 00:00:00"
68,26,SB,13:15,14:55,--W----,"0000-00-00 00:00:00","0000-00-00 00:00:00"
69,26,SC,08:20,10:00,M------,"0000-00-00 00:00:00","0000-00-00 00:00:00"
70,27,TA,09:45,11:25,---J---,"0000-00-00 00:00:00","0000-00-00 00:00:00"
71,27,TB,09:45,11:25,---J---,"0000-00-00 00:00:00","0000-00-00 00:00:00"
72,27,TC,09:45,11:25,---J---,"0000-00-00 00:00:00","0000-00-00 00:00:00"
73,28,UA,09:45,11:25,M------,"0000-00-00 00:00:00","0000-00-00 00:00:00"
74,28,UB,13:15,14:55,M------,"0000-00-00 00:00:00","0000-00-00 00:00:00"
75,28,UC,09:45,11:25,M------,"0000-00-00 00:00:00","0000-00-00 00:00:00"
76,29,VA,08:20,10:00,M------,"0000-00-00 00:00:00","0000-00-00 00:00:00"
77,29,VB,08:20,10:00,M------,"0000-00-00 00:00:00","0000-00-00 00:00:00"
78,29,VC,08:20,10:00,M------,"0000-00-00 00:00:00","0000-00-00 00:00:00"
79,30,XA,14:15,15:55,----F--,"0000-00-00 00:00:00","0000-00-00 00:00:00"
80,30,XB,14:15,15:55,----F--,"0000-00-00 00:00:00","0000-00-00 00:00:00"
81,30,XC,14:15,15:55,----F--,"0000-00-00 00:00:00","0000-00-00 00:00:00"
82,31,TA,13:15,14:55,----F--,"0000-00-00 00:00:00","0000-00-00 00:00:00"
83,31,TB,13:15,14:55,----F--,"0000-00-00 00:00:00","0000-00-00 00:00:00"
84,32,VA,08:25,10:05,M------,"0000-00-00 00:00:00","0000-00-00 00:00:00"
85,32,VB,08:25,10:05,M------,"0000-00-00 00:00:00","0000-00-00 00:00:00"
86,33,XA,17:45,19:25,---J---,"0000-00-00 00:00:00","0000-00-00 00:00:00"
87,33,XB,17:45,19:25,--W----,"0000-00-00 00:00:00","0000-00-00 00:00:00"
88,34,YA,20:30,22:10,-T-----,"0000-00-00 00:00:00","0000-00-00 00:00:00"
89,34,YB,20:30,22:10,-T-----,"0000-00-00 00:00:00","0000-00-00 00:00:00"
90,35,JA,13:45,15:25,----F--,"0000-00-00 00:00:00","0000-00-00 00:00:00"
91,35,JB,13:45,15:25,----F--,"0000-00-00 00:00:00","0000-00-00 00:00:00"
92,36,LA,17:45,19:25,----F--,"0000-00-00 00:00:00","0000-00-00 00:00:00"
93,36,LB,17:45,19:25,----F--,"0000-00-00 00:00:00","0000-00-00 00:00:00"
94,37,AE,16:40,18:20,-T-J---,"0000-00-00 00:00:00","0000-00-00 00:00:00"
95,37,AF,13:00,14:40,-T-J---,"0000-00-00 00:00:00","0000-00-00 00:00:00"
96,37,AG,16:40,18:20,-T-J---,"0000-00-00 00:00:00","0000-00-00 00:00:00"
97,38,TA,11:45,13:25,--W----,"0000-00-00 00:00:00","0000-00-00 00:00:00"
98,38,TB,10:05,11:45,--W----,"0000-00-00 00:00:00","0000-00-00 00:00:00"
99,39,VA,14:45,16:25,--W----,"0000-00-00 00:00:00","0000-00-00 00:00:00"
100,39,VB,11:45,13:25,M------,"0000-00-00 00:00:00","0000-00-00 00:00:00"
101,40,XA,11:45,13:25,M------,"0000-00-00 00:00:00","0000-00-00 00:00:00"
102,40,XB,14:45,16:25,--W----,"0000-00-00 00:00:00","0000-00-00 00:00:00"
103,41,TE,20:30,22:10,---J---,"0000-00-00 00:00:00","0000-00-00 00:00:00"
104,41,TF,10:05,11:45,--W----,"0000-00-00 00:00:00","0000-00-00 00:00:00"
105,42,AE,16:30,18:20,M-W----,"0000-00-00 00:00:00","0000-00-00 00:00:00"
106,42,AF,16:30,18:20,M-W----,"0000-00-00 00:00:00","0000-00-00 00:00:00"
107,43,AG,16:30,18:20,M-W----,"0000-00-00 00:00:00","0000-00-00 00:00:00"
108,44,MA,13:15,15:05,----F--,"0000-00-00 00:00:00","0000-00-00 00:00:00"
109,44,MB,13:15,15:05,M------,"0000-00-00 00:00:00","0000-00-00 00:00:00"
110,45,TA,14:45,16:35,M------,"0000-00-00 00:00:00","0000-00-00 00:00:00"
111,45,TB,16:15,18:05,----F--,"0000-00-00 00:00:00","0000-00-00 00:00:00"
112,46,VA,14:45,16:35,-T-----,"0000-00-00 00:00:00","0000-00-00 00:00:00"
113,46,VB,15:15,17:05,----F--,"0000-00-00 00:00:00","0000-00-00 00:00:00"
114,47,XA,16:15,18:05,----F--,"0000-00-00 00:00:00","0000-00-00 00:00:00"
115,47,XB,14:45,16:30,----F--,"0000-00-00 00:00:00","0000-00-00 00:00:00"
116,48,LA,17:45,19:35,M------,"0000-00-00 00:00:00","0000-00-00 00:00:00"
117,48,LB,17:45,19:35,M------,"0000-00-00 00:00:00","0000-00-00 00:00:00"
118,54,VA,12:00,12:50,-T-----,"0000-00-00 00:00:00","0000-00-00 00:00:00"
119,54,VB,12:00,12:50,---J---,"0000-00-00 00:00:00","0000-00-00 00:00:00"
120,50,CE,13:40,15:20,-T-J---,"0000-00-00 00:00:00","0000-00-00 00:00:00"
121,50,CF,13:40,15:20,-T-J---,"0000-00-00 00:00:00","0000-00-00 00:00:00"
122,50,CG,13:40,15:20,-T-J---,"0000-00-00 00:00:00","0000-00-00 00:00:00"
123,51,MA,16:15,17:55,----F--,"0000-00-00 00:00:00","0000-00-00 00:00:00"
124,51,MB,16:15,17:55,----F--,"0000-00-00 00:00:00","0000-00-00 00:00:00"
125,51,MC,11:45,13:25,----F--,"0000-00-00 00:00:00","0000-00-00 00:00:00"
126,53,TA,11:45,13:25,----F--,"0000-00-00 00:00:00","0000-00-00 00:00:00"
127,53,TB,16:15,17:55,----F--,"0000-00-00 00:00:00","0000-00-00 00:00:00"
128,53,TA,11:45,13:25,----F--,"0000-00-00 00:00:00","0000-00-00 00:00:00"
129,53,TB,11:45,13:25,----F--,"0000-00-00 00:00:00","0000-00-00 00:00:00"
130,54,VA,11:45,13:25,----F--,"0000-00-00 00:00:00","0000-00-00 00:00:00"
131,54,VB,11:45,13:25,----F--,"0000-00-00 00:00:00","0000-00-00 00:00:00"
132,55,XE,15:30,17:10,----F--,"0000-00-00 00:00:00","0000-00-00 00:00:00"
133,55,XF,15:30,17:10,----F--,"0000-00-00 00:00:00","0000-00-00 00:00:00"
134,56,FA,14:15,16:05,---J---,"0000-00-00 00:00:00","0000-00-00 00:00:00"
135,56,FB,14:15,16:05,-T-----,"0000-00-00 00:00:00","0000-00-00 00:00:00"
136,57,UA,11:45,13:35,--W----,"0000-00-00 00:00:00","0000-00-00 00:00:00"
137,57,UB,11:45,13:35,----F--,"0000-00-00 00:00:00","0000-00-00 00:00:00"
138,71,AE,16:15,18:05,---J---,"0000-00-00 00:00:00","0000-00-00 00:00:00"
139,71,AF,16:15,18:05,-T-----,"0000-00-00 00:00:00","0000-00-00 00:00:00"
140,71,AG,16:15,18:05,---J---,"0000-00-00 00:00:00","0000-00-00 00:00:00"
141,71,AH,16:15,18:05,-T-----,"0000-00-00 00:00:00","0000-00-00 00:00:00"
142,67,AI,18:30,20:20,M------,"0000-00-00 00:00:00","0000-00-00 00:00:00"
143,67,AJ,18:30,20:20,--W----,"0000-00-00 00:00:00","0000-00-00 00:00:00"
144,67,AK,16:15,18:05,M------,"0000-00-00 00:00:00","0000-00-00 00:00:00"
145,67,AL,16:15,18:05,--W----,"0000-00-00 00:00:00","0000-00-00 00:00:00"
146,60,GA,17:45,18:35,-T-----,"0000-00-00 00:00:00","0000-00-00 00:00:00"
147,60,GB,18:45,19:35,-T-----,"0000-00-00 00:00:00","0000-00-00 00:00:00"
148,60,GC,17:45,18:35,-T-----,"0000-00-00 00:00:00","0000-00-00 00:00:00"
149,60,GD,18:45,19:35,---J---,"0000-00-00 00:00:00","0000-00-00 00:00:00"
150,61,HA,17:45,18:35,---J---,"0000-00-00 00:00:00","0000-00-00 00:00:00"
151,61,HB,19:45,20:35,---J---,"0000-00-00 00:00:00","0000-00-00 00:00:00"
152,61,HC,19:45,20:35,-T-----,"0000-00-00 00:00:00","0000-00-00 00:00:00"
153,61,HD,19:45,20:35,-T-----,"0000-00-00 00:00:00","0000-00-00 00:00:00"
154,62,FA,17:45,18:35,M------,"0000-00-00 00:00:00","0000-00-00 00:00:00"
155,62,FB,18:45,19:35,M------,"0000-00-00 00:00:00","0000-00-00 00:00:00"
156,62,FC,17:45,18:35,M------,"0000-00-00 00:00:00","0000-00-00 00:00:00"
157,62,FD,18:45,19:35,--W----,"0000-00-00 00:00:00","0000-00-00 00:00:00"
158,63,IA,17:45,18:35,--W----,"0000-00-00 00:00:00","0000-00-00 00:00:00"
159,63,IB,18:45,19:35,--W----,"0000-00-00 00:00:00","0000-00-00 00:00:00"
160,63,IC,17:45,18:35,--W----,"0000-00-00 00:00:00","0000-00-00 00:00:00"
161,63,ID,18:45,19:35,M------,"0000-00-00 00:00:00","0000-00-00 00:00:00"
162,64,RA,17:45,18:35,-T-----,"0000-00-00 00:00:00","0000-00-00 00:00:00"
163,64,RB,17:45,18:35,-T-----,"0000-00-00 00:00:00","0000-00-00 00:00:00"
164,64,RC,18:45,19:35,---J---,"0000-00-00 00:00:00","0000-00-00 00:00:00"
165,64,RD,18:45,19:35,---J---,"0000-00-00 00:00:00","0000-00-00 00:00:00"
166,65,SA,17:45,18:35,---J---,"0000-00-00 00:00:00","0000-00-00 00:00:00"
167,65,SB,17:45,18:35,---J---,"0000-00-00 00:00:00","0000-00-00 00:00:00"
168,65,SC,18:45,19:35,-T-----,"0000-00-00 00:00:00","0000-00-00 00:00:00"
169,65,SD,18:45,19:35,-T-----,"0000-00-00 00:00:00","0000-00-00 00:00:00"
170,71,AE,16:40,18:20,M-W----,"0000-00-00 00:00:00","0000-00-00 00:00:00"
171,71,AF,08:45,10:25,-T-J---,"0000-00-00 00:00:00","0000-00-00 00:00:00"
172,67,AG,08:45,10:25,-T-J---,"0000-00-00 00:00:00","0000-00-00 00:00:00"
173,67,AH,16:40,18:20,M-W----,"0000-00-00 00:00:00","0000-00-00 00:00:00"
174,68,TA,08:30,10:10,-T-----,"0000-00-00 00:00:00","0000-00-00 00:00:00"
175,68,TB,08:30,10:10,---J---,"0000-00-00 00:00:00","0000-00-00 00:00:00"
176,74,XA,08:30,10:10,-T-----,"0000-00-00 00:00:00","0000-00-00 00:00:00"
177,74,XB,08:30,10:10,---J---,"0000-00-00 00:00:00","0000-00-00 00:00:00"
178,70,YA,08:45,10:25,--W----,"0000-00-00 00:00:00","0000-00-00 00:00:00"
179,70,YB,08:45,10:25,--W----,"0000-00-00 00:00:00","0000-00-00 00:00:00"
180,71,AE,17:30,18:20,-T-J---,"0000-00-00 00:00:00","0000-00-00 00:00:00"
181,71,AF,17:30,18:20,-T-J---,"0000-00-00 00:00:00","0000-00-00 00:00:00"
182,72,LA,10:15,11:05,M------,"0000-00-00 00:00:00","0000-00-00 00:00:00"
183,72,LB,10:15,11:05,--W----,"0000-00-00 00:00:00","0000-00-00 00:00:00"
184,73,VA,13:15,14:05,--W----,"0000-00-00 00:00:00","0000-00-00 00:00:00"
185,73,VB,13:15,14:05,----F--,"0000-00-00 00:00:00","0000-00-00 00:00:00"
186,74,XA,15:15,16:05,----F--,"0000-00-00 00:00:00","0000-00-00 00:00:00"
187,74,XB,16:15,17:05,----F--,"0000-00-00 00:00:00","0000-00-00 00:00:00"
188,74,EA,15:15,16:05,----F--,"0000-00-00 00:00:00","0000-00-00 00:00:00"
189,74,EB,16:15,17:05,----F--,"0000-00-00 00:00:00","0000-00-00 00:00:00"
190,75,CE,21:15,22:05,M-W----,"0000-00-00 00:00:00","0000-00-00 00:00:00"
191,75,CF,21:15,22:05,M-W----,"0000-00-00 00:00:00","0000-00-00 00:00:00"
192,75,CG,21:15,22:05,M-W----,"0000-00-00 00:00:00","0000-00-00 00:00:00"
193,76,CE,21:15,22:05,M-W----,"0000-00-00 00:00:00","0000-00-00 00:00:00"
194,76,CF,21:15,22:05,M-W----,"0000-00-00 00:00:00","0000-00-00 00:00:00"
195,76,CG,21:15,22:05,M-W----,"0000-00-00 00:00:00","0000-00-00 00:00:00"
196,77,RA,11:45,12:35,M------,"0000-00-00 00:00:00","0000-00-00 00:00:00"
197,77,RB,10:15,11:05,M------,"0000-00-00 00:00:00","0000-00-00 00:00:00"
198,78,SA,13:15,14:05,-T-----,"0000-00-00 00:00:00","0000-00-00 00:00:00"
199,78,SB,13:15,14:05,---J---,"0000-00-00 00:00:00","0000-00-00 00:00:00"
200,79,FA,17:45,18:35,-T-----,"0000-00-00 00:00:00","0000-00-00 00:00:00"
201,79,FB,17:45,18:35,--W----,"0000-00-00 00:00:00","0000-00-00 00:00:00"
202,80,TA,10:15,11:05,----F--,"0000-00-00 00:00:00","0000-00-00 00:00:00"
203,80,TB,10:15,11:05,----F--,"0000-00-00 00:00:00","0000-00-00 00:00:00"
204,81,WA,08:45,09:35,--W----,"0000-00-00 00:00:00","0000-00-00 00:00:00"
205,81,WB,08:45,09:35,----F--,"0000-00-00 00:00:00","0000-00-00 00:00:00"
206,82,UA,14:45,15:35,----F--,"0000-00-00 00:00:00","0000-00-00 00:00:00"
207,82,UB,14:45,15:35,M------,"0000-00-00 00:00:00","0000-00-00 00:00:00"
208,83,AE,21:10,22:00,-T-J---,"0000-00-00 00:00:00","0000-00-00 00:00:00"
209,83,AF,17:30,18:20,-T-J---,"0000-00-00 00:00:00","0000-00-00 00:00:00"
210,84,CE,21:10,22:00,-T-J---,"0000-00-00 00:00:00","0000-00-00 00:00:00"
211,84,CF,21:10,22:00,-T-J---,"0000-00-00 00:00:00","0000-00-00 00:00:00"
212,85,FA,14:15,15:05,----F--,"0000-00-00 00:00:00","0000-00-00 00:00:00"
213,85,FB,16:15,17:05,----F--,"0000-00-00 00:00:00","0000-00-00 00:00:00"
214,86,MA,15:15,16:05,----F--,"0000-00-00 00:00:00","0000-00-00 00:00:00"
215,86,MB,15:15,16:05,----F--,"0000-00-00 00:00:00","0000-00-00 00:00:00"
216,86,MC,15:15,16:05,----F--,"0000-00-00 00:00:00","0000-00-00 00:00:00"
217,87,SA,14:15,15:05,----F--,"0000-00-00 00:00:00","0000-00-00 00:00:00"
218,87,SB,16:15,17:05,----F--,"0000-00-00 00:00:00","0000-00-00 00:00:00"
219,88,VA,11:45,12:35,----F--,"0000-00-00 00:00:00","0000-00-00 00:00:00"
220,88,VB,13:15,14:05,----F--,"0000-00-00 00:00:00","0000-00-00 00:00:00"
221,89,XA,13:15,14:05,----F--,"0000-00-00 00:00:00","0000-00-00 00:00:00"
222,89,XB,15:15,16:05,----F--,"0000-00-00 00:00:00","0000-00-00 00:00:00"
223,90,UA,20:30,21:20,---J---,"0000-00-00 00:00:00","0000-00-00 00:00:00"
224,90,UB,20:35,21:25,---J---,"0000-00-00 00:00:00","0000-00-00 00:00:00"
225,111,DA,20:30,21:20,-T-----,"0000-00-00 00:00:00","0000-00-00 00:00:00"
226,108,QA,20:30,21:20,-T-----,"0000-00-00 00:00:00","0000-00-00 00:00:00"
227,109,AE,16:40,18:20,M-W----,"0000-00-00 00:00:00","0000-00-00 00:00:00"
228,109,AF,16:40,18:20,M-W----,"0000-00-00 00:00:00","0000-00-00 00:00:00"
229,110,UA,14:45,16:25,M------,"0000-00-00 00:00:00","0000-00-00 00:00:00"
230,110,UB,14:45,16:25,--W----,"0000-00-00 00:00:00","0000-00-00 00:00:00"
231,111,DA,20:30,22:10,--W----,"0000-00-00 00:00:00","0000-00-00 00:00:00"
232,111,DB,20:30,22:10,--W----,"0000-00-00 00:00:00","0000-00-00 00:00:00"
233,111,DC,20:30,22:10,M------,"0000-00-00 00:00:00","0000-00-00 00:00:00"
234,112,PA,20:30,22:10,-T-----,"0000-00-00 00:00:00","0000-00-00 00:00:00"
235,112,PB,20:30,22:10,-T-----,"0000-00-00 00:00:00","0000-00-00 00:00:00"
236,112,PC,20:30,22:10,-T-----,"0000-00-00 00:00:00","0000-00-00 00:00:00"
237,113,AE,13:45,15:25,-T-J---,"0000-00-00 00:00:00","0000-00-00 00:00:00"
238,120,QA,16:15,17:55,-T-----,"0000-00-00 00:00:00","0000-00-00 00:00:00"
239,120,QB,14:45,16:25,---J---,"0000-00-00 00:00:00","0000-00-00 00:00:00"
240,115,RA,16:15,17:55,-T-----,"0000-00-00 00:00:00","0000-00-00 00:00:00"
241,115,RB,16:15,17:55,-T-----,"0000-00-00 00:00:00","0000-00-00 00:00:00"
242,122,DA,20:30,22:10,--W----,"0000-00-00 00:00:00","0000-00-00 00:00:00"
243,122,DB,20:30,22:10,--W----,"0000-00-00 00:00:00","0000-00-00 00:00:00"
244,117,SA,14:45,16:25,-T-----,"0000-00-00 00:00:00","0000-00-00 00:00:00"
245,117,SB,14:45,16:25,-T-----,"0000-00-00 00:00:00","0000-00-00 00:00:00"
246,118,NA,20:30,22:10,---J---,"0000-00-00 00:00:00","0000-00-00 00:00:00"
247,118,NB,20:30,22:10,-T-----,"0000-00-00 00:00:00","0000-00-00 00:00:00"
248,119,CE,16:40,18:20,-T-J---,"0000-00-00 00:00:00","0000-00-00 00:00:00"
249,119,CF,11:15,13:00,--W-F--,"0000-00-00 00:00:00","0000-00-00 00:00:00"
250,120,QA,10:15,11:55,-T-----,"0000-00-00 00:00:00","0000-00-00 00:00:00"
251,120,QB,10:15,11:55,-T-----,"0000-00-00 00:00:00","0000-00-00 00:00:00"
252,121,NA,14:45,16:35,M------,"0000-00-00 00:00:00","0000-00-00 00:00:00"
253,121,NB,14:45,16:35,M------,"0000-00-00 00:00:00","0000-00-00 00:00:00"
254,122,DA,11:45,13:35,---J---,"0000-00-00 00:00:00","0000-00-00 00:00:00"
255,122,DB,11:45,13:35,---J---,"0000-00-00 00:00:00","0000-00-00 00:00:00"
256,123,AE,16:40,18:20,M-W----,"0000-00-00 00:00:00","0000-00-00 00:00:00"
257,123,AF,16:40,18:20,M-W----,"0000-00-00 00:00:00","0000-00-00 00:00:00"
258,123,AG,16:40,18:20,M-W----,"0000-00-00 00:00:00","0000-00-00 00:00:00"
259,124,QA,10:15,11:55,M------,"0000-00-00 00:00:00","0000-00-00 00:00:00"
260,124,QB,10:15,11:55,--W----,"0000-00-00 00:00:00","0000-00-00 00:00:00"
261,124,QC,08:45,10:25,----F--,"0000-00-00 00:00:00","0000-00-00 00:00:00"
262,124,QD,10:15,11:55,M------,"0000-00-00 00:00:00","0000-00-00 00:00:00"
263,125,RA,08:45,10:25,----F--,"0000-00-00 00:00:00","0000-00-00 00:00:00"
264,125,RB,10:15,11:55,M------,"0000-00-00 00:00:00","0000-00-00 00:00:00"
265,125,RC,10:15,11:55,--W----,"0000-00-00 00:00:00","0000-00-00 00:00:00"
266,126,EA,11:45,13:35,-T-----,"0000-00-00 00:00:00","0000-00-00 00:00:00"
267,126,EB,11:45,13:35,---J---,"0000-00-00 00:00:00","0000-00-00 00:00:00"
268,126,EC,17:45,19:35,M------,"0000-00-00 00:00:00","0000-00-00 00:00:00"
269,127,UA,11:45,13:25,----F--,"0000-00-00 00:00:00","0000-00-00 00:00:00"
270,127,UB,11:45,13:25,--W----,"0000-00-00 00:00:00","0000-00-00 00:00:00"
271,128,WA,10:15,11:50,M------,"0000-00-00 00:00:00","0000-00-00 00:00:00"
272,128,WB,14:45,16:25,--W----,"0000-00-00 00:00:00","0000-00-00 00:00:00"
273,129,CE,18:20,20:00,-T-J---,"0000-00-00 00:00:00","0000-00-00 00:00:00"
274,129,CF,18:20,20:00,M-W----,"0000-00-00 00:00:00","0000-00-00 00:00:00"
275,130,DA,12:45,14:25,M------,"0000-00-00 00:00:00","0000-00-00 00:00:00"
276,130,DB,16:15,17:55,--W----,"0000-00-00 00:00:00","0000-00-00 00:00:00"
277,131,SA,10:15,11:55,--W----,"0000-00-00 00:00:00","0000-00-00 00:00:00"
278,131,SB,11:45,13:25,M------,"0000-00-00 00:00:00","0000-00-00 00:00:00"
279,132,UA,10:15,11:55,M------,"0000-00-00 00:00:00","0000-00-00 00:00:00"
280,132,UB,11:45,13:25,--W----,"0000-00-00 00:00:00","0000-00-00 00:00:00"
281,133,PA,20:30,22:10,---J---,"0000-00-00 00:00:00","0000-00-00 00:00:00"
282,133,PB,17:45,19:25,----F--,"0000-00-00 00:00:00","0000-00-00 00:00:00"
283,133,PC,20:30,22:10,---J---,"0000-00-00 00:00:00","0000-00-00 00:00:00"
284,133,PD,17:45,19:25,----F--,"0000-00-00 00:00:00","0000-00-00 00:00:00"
285,134,DA,20:30,21:20,M------,"0000-00-00 00:00:00","0000-00-00 00:00:00"
286,134,DB,21:30,22:20,M------,"0000-00-00 00:00:00","0000-00-00 00:00:00"
287,135,AE,17:30,18:20,-T-J---,"0000-00-00 00:00:00","0000-00-00 00:00:00"
288,135,AF,17:30,18:20,-T-J---,"0000-00-00 00:00:00","0000-00-00 00:00:00"
289,136,EA,11:45,12:35,---J---,"0000-00-00 00:00:00","0000-00-00 00:00:00"
290,136,EB,11:45,12:35,---J---,"0000-00-00 00:00:00","0000-00-00 00:00:00"
291,137,GA,10:15,11:05,-T-----,"0000-00-00 00:00:00","0000-00-00 00:00:00"
292,138,NA,13:15,14:05,-T-----,"0000-00-00 00:00:00","0000-00-00 00:00:00"
293,139,FA,11:45,13:35,M------,"0000-00-00 00:00:00","0000-00-00 00:00:00"
294,143,CA,17:30,18:20,-T-J---,"0000-00-00 00:00:00","0000-00-00 00:00:00"
295,143,CB,17:30,18:20,-T-J---,"0000-00-00 00:00:00","0000-00-00 00:00:00"
296,144,DA,20:30,21:20,-T-----,"0000-00-00 00:00:00","0000-00-00 00:00:00"
297,144,DB,20:30,21:20,-T-----,"0000-00-00 00:00:00","0000-00-00 00:00:00"
298,145,NA,20:20,21:10,--W----,"0000-00-00 00:00:00","0000-00-00 00:00:00"
299,145,NB,13:15,14:05,M------,"0000-00-00 00:00:00","0000-00-00 00:00:00"
300,146,WA,20:00,21:10,-T-----,"0000-00-00 00:00:00","0000-00-00 00:00:00"
301,146,WB,13:15,14:05,----F--,"0000-00-00 00:00:00","0000-00-00 00:00:00"
302,147,CE,13:15,14:05,M-W----,"0000-00-00 00:00:00","0000-00-00 00:00:00"
303,147,CF,13:15,14:05,M-W----,"0000-00-00 00:00:00","0000-00-00 00:00:00"
304,147,CG,13:15,14:05,M-W----,"0000-00-00 00:00:00","0000-00-00 00:00:00"
305,148,UA,10:15,11:05,M------,"0000-00-00 00:00:00","0000-00-00 00:00:00"
306,148,UB,10:15,11:05,M------,"0000-00-00 00:00:00","0000-00-00 00:00:00"
307,149,DA,14:45,15:35,-T-----,"0000-00-00 00:00:00","0000-00-00 00:00:00"
308,149,DB,14:45,15:35,---J---,"0000-00-00 00:00:00","0000-00-00 00:00:00"
309,150,EI,16:15,17:05,M------,"0000-00-00 00:00:00","0000-00-00 00:00:00"
310,150,EJ,16:15,17:05,--W----,"0000-00-00 00:00:00","0000-00-00 00:00:00"
311,151,AE,17:30,18:20,M-W----,"0000-00-00 00:00:00","0000-00-00 00:00:00"
312,151,AF,16:30,17:20,M-W----,"0000-00-00 00:00:00","0000-00-00 00:00:00"
313,152,GA,14:45,15:35,----F--,"0000-00-00 00:00:00","0000-00-00 00:00:00"
314,152,GB,11:45,12:35,M------,"0000-00-00 00:00:00","0000-00-00 00:00:00"
315,152,GC,11:45,12:35,M------,"0000-00-00 00:00:00","0000-00-00 00:00:00"
316,153,HA,14:45,15:35,-T-----,"0000-00-00 00:00:00","0000-00-00 00:00:00"
317,153,HB,14:45,15:35,---J---,"0000-00-00 00:00:00","0000-00-00 00:00:00"
318,154,XA,16:15,17:05,M------,"0000-00-00 00:00:00","0000-00-00 00:00:00"
319,154,XB,16:15,17:05,--W----,"0000-00-00 00:00:00","0000-00-00 00:00:00"
320,155,CE,13:15,14:05,M-W----,"0000-00-00 00:00:00","0000-00-00 00:00:00"
321,156,FA,12:15,13:05,---J---,"0000-00-00 00:00:00","0000-00-00 00:00:00"
322,157,WA,16:15,17:05,--W----,"0000-00-00 00:00:00","0000-00-00 00:00:00"
323,157,WB,16:15,17:05,--W----,"0000-00-00 00:00:00","0000-00-00 00:00:00"
324,158,BE,17:30,18:20,--W----,"0000-00-00 00:00:00","0000-00-00 00:00:00"
325,158,BF,17:30,18:20,--W----,"0000-00-00 00:00:00","0000-00-00 00:00:00"
326,159,EA,13:15,14:05,----F--,"0000-00-00 00:00:00","0000-00-00 00:00:00"
327,159,EF,13:15,14:05,----F--,"0000-00-00 00:00:00","0000-00-00 00:00:00"
328,160,PA,20:30,21:20,---J---,"0000-00-00 00:00:00","0000-00-00 00:00:00"
329,160,PB,20:30,21:20,---J---,"0000-00-00 00:00:00","0000-00-00 00:00:00"
330,161,DA,20:30,21:20,----F--,"0000-00-00 00:00:00","0000-00-00 00:00:00"
331,162,NA,17:45,18:35,--W----,"0000-00-00 00:00:00","0000-00-00 00:00:00"
332,170,FA,20:30,21:20,---J---,"0000-00-00 00:00:00","0000-00-00 00:00:00"
333,170,FB,20:30,21:20,---J---,"0000-00-00 00:00:00","0000-00-00 00:00:00"
334,174,NA,13:15,14:05,--W----,"0000-00-00 00:00:00","0000-00-00 00:00:00"
335,191,HA,16:15,17:55,--W----,"0000-00-00 00:00:00","0000-00-00 00:00:00"
336,191,HB,16:15,17:55,--W----,"0000-00-00 00:00:00","0000-00-00 00:00:00"
337,191,HC,16:15,17:55,--W----,"0000-00-00 00:00:00","0000-00-00 00:00:00"
338,192,DA,20:30,22:10,-T-----,"0000-00-00 00:00:00","0000-00-00 00:00:00"
339,192,DB,20:30,22:10,-T-----,"0000-00-00 00:00:00","0000-00-00 00:00:00"
340,193,CE,08:45,10:25,M-W----,"0000-00-00 00:00:00","0000-00-00 00:00:00"
341,193,CF,08:45,10:25,M-W----,"0000-00-00 00:00:00","0000-00-00 00:00:00"
342,194,QA,10:15,11:55,-T-----,"0000-00-00 00:00:00","0000-00-00 00:00:00"
343,194,QB,18:15,19:55,---J---,"0000-00-00 00:00:00","0000-00-00 00:00:00"
344,195,SA,10:15,11:55,-T-----,"0000-00-00 00:00:00","0000-00-00 00:00:00"
345,195,SB,10:15,11:55,---J---,"0000-00-00 00:00:00","0000-00-00 00:00:00"
346,196,UA,16:15,17:55,-T-----,"0000-00-00 00:00:00","0000-00-00 00:00:00"
347,196,UB,16:15,17:55,---J---,"0000-00-00 00:00:00","0000-00-00 00:00:00"
348,196,UC,15:15,16:55,----F--,"0000-00-00 00:00:00","0000-00-00 00:00:00"
349,196,UD,16:15,17:55,-T-----,"0000-00-00 00:00:00","0000-00-00 00:00:00"
350,198,GA,20:30,21:20,M------,"0000-00-00 00:00:00","0000-00-00 00:00:00"
351,198,GB,20:30,21:20,M------,"0000-00-00 00:00:00","0000-00-00 00:00:00"
352,199,UA,14:15,16:05,----F--,"0000-00-00 00:00:00","0000-00-00 00:00:00"
353,199,UB,14:15,16:05,----F--,"0000-00-00 00:00:00","0000-00-00 00:00:00"
354,200,HA,11:45,12:35,----F--,"0000-00-00 00:00:00","0000-00-00 00:00:00"
355,200,HB,12:45,13:35,----F--,"0000-00-00 00:00:00","0000-00-00 00:00:00"
356,201,SA,12:15,13:05,----F--,"0000-00-00 00:00:00","0000-00-00 00:00:00"
357,201,SB,13:15,14:05,----F--,"0000-00-00 00:00:00","0000-00-00 00:00:00"
358,201,SC,14:15,15:05,----F--,"0000-00-00 00:00:00","0000-00-00 00:00:00"
359,202,HA,15:45,16:35,----F--,"0000-00-00 00:00:00","0000-00-00 00:00:00"
360,202,HB,15:45,16:35,----F--,"0000-00-00 00:00:00","0000-00-00 00:00:00"
361,203,HA,14:45,15:35,----F--,"0000-00-00 00:00:00","0000-00-00 00:00:00"
362,203,HB,14:45,15:35,----F--,"0000-00-00 00:00:00","0000-00-00 00:00:00"
363,204,SA,14:45,15:35,---J---,"0000-00-00 00:00:00","0000-00-00 00:00:00"
364,205,SA,16:15,17:05,--W----,"0000-00-00 00:00:00","0000-00-00 00:00:00"
365,205,SB,17:45,18:35,--W----,"0000-00-00 00:00:00","0000-00-00 00:00:00"
366,206,SA,11:45,12:35,----F--,"0000-00-00 00:00:00","0000-00-00 00:00:00"
367,207,FA,09:15,10:05,----F--,"0000-00-00 00:00:00","0000-00-00 00:00:00"
368,208,SA,10:45,11:35,-T-----,"0000-00-00 00:00:00","0000-00-00 00:00:00"
369,208,SB,10:45,11:35,---J---,"0000-00-00 00:00:00","0000-00-00 00:00:00"
370,208,SC,10:45,11:35,M------,"0000-00-00 00:00:00","0000-00-00 00:00:00"
371,209,FA,11:45,12:35,----F--,"0000-00-00 00:00:00","0000-00-00 00:00:00"
372,209,FB,11:45,12:35,----F--,"0000-00-00 00:00:00","0000-00-00 00:00:00"
373,210,SA,18:15,19:05,M------,"0000-00-00 00:00:00","0000-00-00 00:00:00"
374,210,SB,18:15,19:05,M------,"0000-00-00 00:00:00","0000-00-00 00:00:00"
375,211,ME,20:20,21:05,--W----,"0000-00-00 00:00:00","0000-00-00 00:00:00"
376,212,HA,14:45,15:35,-T-----,"0000-00-00 00:00:00","0000-00-00 00:00:00"
377,213,NA,16:25,17:15,--W----,"0000-00-00 00:00:00","0000-00-00 00:00:00"
378,218,CE,15:00,16:40,-T-J---,"0000-00-00 00:00:00","0000-00-00 00:00:00"
379,218,CF,15:00,16:40,-T-J---,"0000-00-00 00:00:00","0000-00-00 00:00:00"
380,219,TA,13:15,14:55,----F--,"0000-00-00 00:00:00","0000-00-00 00:00:00"
381,220,VA,14:45,16:25,--W----,"0000-00-00 00:00:00","0000-00-00 00:00:00"
382,220,VB,14:45,16:25,--W----,"0000-00-00 00:00:00","0000-00-00 00:00:00"
383,221,JA,09:45,11:25,--W----,"0000-00-00 00:00:00","0000-00-00 00:00:00"
384,221,JB,10:15,11:55,--W----,"0000-00-00 00:00:00","0000-00-00 00:00:00"
385,215,SA,14:45,15:35,--W----,"0000-00-00 00:00:00","0000-00-00 00:00:00"
