1,1,AB,9:20,10:10,---J---,2015-03-27 23:42:33.073500,2015-03-27 23:42:33.073500
2,1,AC,11:00,11:50,---J---,2015-03-27 23:42:33.076131,2015-03-27 23:42:33.076131
3,1,AD,13:00,13:50,---J---,2015-03-27 23:42:33.080397,2015-03-27 23:42:33.080397
4,1,AF,14:00,14:50,---J---,2015-03-27 23:42:33.083369,2015-03-27 23:42:33.083369
5,2,GA,8:45,9:35,--W----,2015-03-27 23:42:33.087186,2015-03-27 23:42:33.087186
6,2,GB,8:45,9:35,--W----,2015-03-27 23:42:33.090126,2015-03-27 23:42:33.090126
7,2,GC,16:15,17:05,---J---,2015-03-27 23:42:33.093289,2015-03-27 23:42:33.093289
8,2,GD,16:15,17:05,---J---,2015-03-27 23:42:33.095550,2015-03-27 23:42:33.095550
9,3,HA,17:45,18:35,---J---,2015-03-27 23:42:33.098139,2015-03-27 23:42:33.098139
10,3,HB,17:45,18:35,---J---,2015-03-27 23:42:33.101103,2015-03-27 23:42:33.101103
11,3,HC,16:15,17:05,-T-----,2015-03-27 23:42:33.103646,2015-03-27 23:42:33.103646
12,3,HD,8:45,9:35,M------,2015-03-27 23:42:33.106062,2015-03-27 23:42:33.106062
13,4,QA,8:45,9:35,--W----,2015-03-27 23:42:33.108577,2015-03-27 23:42:33.108577
14,4,QB,8:45,9:35,--W----,2015-03-27 23:42:33.111798,2015-03-27 23:42:33.111798
15,4,QE,16:15,17:05,---J---,2015-03-27 23:42:33.116317,2015-03-27 23:42:33.116317
16,4,QF,16:15,17:05,---J---,2015-03-27 23:42:33.118995,2015-03-27 23:42:33.118995
17,4,EA,8:45,9:35,----F--,2015-03-27 23:42:33.121605,2015-03-27 23:42:33.121605
18,4,EB,8:45,9:35,----F--,2015-03-27 23:42:33.124360,2015-03-27 23:42:33.124360
19,4,EC,16:15,17:05,-T-----,2015-03-27 23:42:33.127060,2015-03-27 23:42:33.127060
20,4,ED,16:15,17:05,-T-----,2015-03-27 23:42:33.129681,2015-03-27 23:42:33.129681
21,10,AE,8:30,10:10,-T-J---,2015-03-27 23:42:33.132235,2015-03-27 23:42:33.132235
22,10,AF,8:30,10:10,-T-J---,2015-03-27 23:42:33.134490,2015-03-27 23:42:33.134490
23,11,PA,13:15,14:55,----F--,2015-03-27 23:42:33.136829,2015-03-27 23:42:33.136829
24,11,PB,13:15,14:55,----F--,2015-03-27 23:42:33.139768,2015-03-27 23:42:33.139768
25,12,RA,8:20,10:00,M------,2015-03-27 23:42:33.142475,2015-03-27 23:42:33.142475
26,12,RB,8:20,10:00,M------,2015-03-27 23:42:33.144998,2015-03-27 23:42:33.144998
27,13,TA,13:15,14:55,M------,2015-03-27 23:42:33.147482,2015-03-27 23:42:33.147482
28,13,TB,13:15,14:55,M------,2015-03-27 23:42:33.149843,2015-03-27 23:42:33.149843
29,14,UA,14:15,15:55,----F--,2015-03-27 23:42:33.152278,2015-03-27 23:42:33.152278
30,14,UB,14:15,15:55,M------,2015-03-27 23:42:33.154567,2015-03-27 23:42:33.154567
31,15,VA,13:45,15:25,---J---,2015-03-27 23:42:33.156828,2015-03-27 23:42:33.156828
32,15,VB,13:45,15:25,---J---,2015-03-27 23:42:33.159022,2015-03-27 23:42:33.159022
33,16,XA,13:15,14:55,M------,2015-03-27 23:42:33.161078,2015-03-27 23:42:33.161078
34,16,XB,13:15,14:55,M------,2015-03-27 23:42:33.163626,2015-03-27 23:42:33.163626
35,17,XE,15:45,17:25,----F--,2015-03-27 23:42:33.166326,2015-03-27 23:42:33.166326
36,17,XF,15:45,17:25,----F--,2015-03-27 23:42:33.169248,2015-03-27 23:42:33.169248
37,18,FA,18:00,19:40,M------,2015-03-27 23:42:33.172085,2015-03-27 23:42:33.172085
38,18,FB,17:45,19:25,----F--,2015-03-27 23:42:33.175088,2015-03-27 23:42:33.175088
39,18,FC,18:00,19:40,M------,2015-03-27 23:42:33.177772,2015-03-27 23:42:33.177772
40,18,FD,17:45,19:25,----F--,2015-03-27 23:42:33.180055,2015-03-27 23:42:33.180055
41,18,FE,18:00,19:40,M------,2015-03-27 23:42:33.182370,2015-03-27 23:42:33.182370
42,19,GA,16:10,17:50,M------,2015-03-27 23:42:33.184514,2015-03-27 23:42:33.184514
43,19,GB,17:45,19:25,----F--,2015-03-27 23:42:33.187103,2015-03-27 23:42:33.187103
44,19,GC,16:10,17:50,M------,2015-03-27 23:42:33.189493,2015-03-27 23:42:33.189493
45,19,GD,17:45,19:25,----F--,2015-03-27 23:42:33.192005,2015-03-27 23:42:33.192005
46,19,GE,16:10,17:50,M------,2015-03-27 23:42:33.194450,2015-03-27 23:42:33.194450
47,19,GF,18:00,19:00,M------,2015-03-27 23:42:33.197023,2015-03-27 23:42:33.197023
48,20,JA,15:45,17:25,----F--,2015-03-27 23:42:33.199605,2015-03-27 23:42:33.199605
49,20,JB,15:45,17:25,----F--,2015-03-27 23:42:33.201924,2015-03-27 23:42:33.201924
50,20,JC,15:45,17:25,----F--,2015-03-27 23:42:33.204357,2015-03-27 23:42:33.204357
51,20,JD,15:45,17:25,----F--,2015-03-27 23:42:33.207321,2015-03-27 23:42:33.207321
52,21,CD,8:45,10:25,-T-J---,2015-03-27 23:42:33.209728,2015-03-27 23:42:33.209728
53,21,CE,8:45,10:25,-T-J---,2015-03-27 23:42:33.211992,2015-03-27 23:42:33.211992
54,21,CF,8:45,10:25,-T-J---,2015-03-27 23:42:33.214015,2015-03-27 23:42:33.214015
55,21,CG,8:45,10:25,-T-J---,2015-03-27 23:42:33.216219,2015-03-27 23:42:33.216219
56,21,CH,8:45,10:25,-T-J---,2015-03-27 23:42:33.219135,2015-03-27 23:42:33.219135
57,22,PA,10:45,12:25,M------,2015-03-27 23:42:33.221786,2015-03-27 23:42:33.221786
58,22,PB,10:45,12:25,M------,2015-03-27 23:42:33.224372,2015-03-27 23:42:33.224372
59,23,QA,10:45,12:25,M------,2015-03-27 23:42:33.226825,2015-03-27 23:42:33.226825
60,23,QB,10:45,12:25,M------,2015-03-27 23:42:33.229441,2015-03-27 23:42:33.229441
61,24,JA,17:45,19:25,M------,2015-03-27 23:42:33.232109,2015-03-27 23:42:33.232109
62,24,JB,19:40,21:20,M------,2015-03-27 23:42:33.234941,2015-03-27 23:42:33.234941
63,24,JC,13:15,15:05,M------,2015-03-27 23:42:33.237465,2015-03-27 23:42:33.237465
64,25,RA,14:15,15:55,----F--,2015-03-27 23:42:33.239911,2015-03-27 23:42:33.239911
65,25,RB,14:15,15:55,----F--,2015-03-27 23:42:33.242424,2015-03-27 23:42:33.242424
66,25,RC,14:15,15:55,----F--,2015-03-27 23:42:33.244542,2015-03-27 23:42:33.244542
67,26,SA,8:20,10:00,M------,2015-03-27 23:42:33.246749,2015-03-27 23:42:33.246749
68,26,SB,13:15,14:55,--W----,2015-03-27 23:42:33.248944,2015-03-27 23:42:33.248944
69,26,SC,8:20,10:00,M------,2015-03-27 23:42:33.251283,2015-03-27 23:42:33.251283
70,27,TA,9:45,11:25,---J---,2015-03-27 23:42:33.253681,2015-03-27 23:42:33.253681
71,27,TB,9:45,11:25,---J---,2015-03-27 23:42:33.256183,2015-03-27 23:42:33.256183
72,27,TC,9:45,11:25,---J---,2015-03-27 23:42:33.258729,2015-03-27 23:42:33.258729
73,28,UA,9:45,11:25,M------,2015-03-27 23:42:33.261243,2015-03-27 23:42:33.261243
74,28,UB,13:15,14:55,M------,2015-03-27 23:42:33.264264,2015-03-27 23:42:33.264264
75,28,UC,9:45,11:25,M------,2015-03-27 23:42:33.266877,2015-03-27 23:42:33.266877
76,29,VA,8:20,10:00,M------,2015-03-27 23:42:33.269160,2015-03-27 23:42:33.269160
77,29,VB,8:20,10:00,M------,2015-03-27 23:42:33.271470,2015-03-27 23:42:33.271470
78,29,VC,8:20,10:00,M------,2015-03-27 23:42:33.274265,2015-03-27 23:42:33.274265
79,30,XA,14:15,15:55,----F--,2015-03-27 23:42:33.276807,2015-03-27 23:42:33.276807
80,30,XB,14:15,15:55,----F--,2015-03-27 23:42:33.279231,2015-03-27 23:42:33.279231
81,30,XC,14:15,15:55,----F--,2015-03-27 23:42:33.281935,2015-03-27 23:42:33.281935
82,31,TA,13:15,14:55,----F--,2015-03-27 23:42:33.284274,2015-03-27 23:42:33.284274
83,31,TB,13:15,14:55,----F--,2015-03-27 23:42:33.286596,2015-03-27 23:42:33.286596
84,32,VA,8:25,10:05,M------,2015-03-27 23:42:33.288694,2015-03-27 23:42:33.288694
85,32,VB,8:25,10:05,M------,2015-03-27 23:42:33.291625,2015-03-27 23:42:33.291625
86,33,XA,17:45,19:25,---J---,2015-03-27 23:42:33.293987,2015-03-27 23:42:33.293987
87,33,XB,17:45,19:25,--W----,2015-03-27 23:42:33.296902,2015-03-27 23:42:33.296902
88,34,YA,20:30,22:10,-T-----,2015-03-27 23:42:33.299275,2015-03-27 23:42:33.299275
89,34,YB,20:30,22:10,-T-----,2015-03-27 23:42:33.301402,2015-03-27 23:42:33.301402
90,35,JA,13:45,15:25,----F--,2015-03-27 23:42:33.303541,2015-03-27 23:42:33.303541
91,35,JB,13:45,15:25,----F--,2015-03-27 23:42:33.305469,2015-03-27 23:42:33.305469
92,36,LA,17:45,19:25,----F--,2015-03-27 23:42:33.308508,2015-03-27 23:42:33.308508
93,36,LB,17:45,19:25,----F--,2015-03-27 23:42:33.310646,2015-03-27 23:42:33.310646
94,37,AE,16:40,18:20,-T-J---,2015-03-27 23:42:33.312937,2015-03-27 23:42:33.312937
95,37,AF,13:00,14:40,-T-J---,2015-03-27 23:42:33.318988,2015-03-27 23:42:33.318988
96,37,AG,16:40,18:20,-T-J---,2015-03-27 23:42:33.324931,2015-03-27 23:42:33.324931
97,38,TA,11:45,13:25,--W----,2015-03-27 23:42:33.327401,2015-03-27 23:42:33.327401
98,38,TB,10:05,11:45,--W----,2015-03-27 23:42:33.330049,2015-03-27 23:42:33.330049
99,39,VA,14:45,16:25,--W----,2015-03-27 23:42:33.333508,2015-03-27 23:42:33.333508
100,39,VB,11:45,13:25,M------,2015-03-27 23:42:33.336044,2015-03-27 23:42:33.336044
101,40,XA,11:45,13:25,M------,2015-03-27 23:42:33.338407,2015-03-27 23:42:33.338407
102,40,XB,14:45,16:25,--W----,2015-03-27 23:42:33.341177,2015-03-27 23:42:33.341177
103,41,TE,20:30,22:10,---J---,2015-03-27 23:42:33.343624,2015-03-27 23:42:33.343624
104,41,TF,10:05,11:45,--W----,2015-03-27 23:42:33.345947,2015-03-27 23:42:33.345947
105,42,AE,16:30,18:20,M-W----,2015-03-27 23:42:33.348192,2015-03-27 23:42:33.348192
106,42,AF,16:30,18:20,M-W----,2015-03-27 23:42:33.350215,2015-03-27 23:42:33.350215
107,43,AG,16:30,18:20,M-W----,2015-03-27 23:42:33.352680,2015-03-27 23:42:33.352680
108,44,MA,13:15,15:05,----F--,2015-03-27 23:42:33.354792,2015-03-27 23:42:33.354792
109,44,MB,13:15,15:05,M------,2015-03-27 23:42:33.357040,2015-03-27 23:42:33.357040
110,45,TA,14:45,16:35,M------,2015-03-27 23:42:33.359400,2015-03-27 23:42:33.359400
111,45,TB,16:15,18:05,----F--,2015-03-27 23:42:33.361540,2015-03-27 23:42:33.361540
112,46,VA,14:45,16:35,-T-----,2015-03-27 23:42:33.364139,2015-03-27 23:42:33.364139
113,46,VB,15:15,17:05,----F--,2015-03-27 23:42:33.366379,2015-03-27 23:42:33.366379
114,47,XA,16:15,18:05,----F--,2015-03-27 23:42:33.368708,2015-03-27 23:42:33.368708
115,47,XB,14:45,16:30,----F--,2015-03-27 23:42:33.371071,2015-03-27 23:42:33.371071
116,48,LA,17:45,19:35,M------,2015-03-27 23:42:33.373610,2015-03-27 23:42:33.373610
117,48,LB,17:45,19:35,M------,2015-03-27 23:42:33.376201,2015-03-27 23:42:33.376201
118,54,VA,12:00,12:50,-T-----,2015-03-27 23:42:33.378405,2015-03-27 23:42:33.378405
119,54,VB,12:00,12:50,---J---,2015-03-27 23:42:33.380472,2015-03-27 23:42:33.380472
120,50,CE,13:40,15:20,-T-J---,2015-03-27 23:42:33.382494,2015-03-27 23:42:33.382494
121,50,CF,13:40,15:20,-T-J---,2015-03-27 23:42:33.384557,2015-03-27 23:42:33.384557
122,50,CG,13:40,15:20,-T-J---,2015-03-27 23:42:33.387117,2015-03-27 23:42:33.387117
123,51,MA,16:15,17:55,----F--,2015-03-27 23:42:33.389217,2015-03-27 23:42:33.389217
124,51,MB,16:15,17:55,----F--,2015-03-27 23:42:33.391666,2015-03-27 23:42:33.391666
125,51,MC,11:45,13:25,----F--,2015-03-27 23:42:33.394038,2015-03-27 23:42:33.394038
126,53,TA,11:45,13:25,----F--,2015-03-27 23:42:33.396916,2015-03-27 23:42:33.396916
127,53,TB,16:15,17:55,----F--,2015-03-27 23:42:33.399582,2015-03-27 23:42:33.399582
128,53,TA,11:45,13:25,----F--,2015-03-27 23:42:33.402027,2015-03-27 23:42:33.402027
129,53,TB,11:45,13:25,----F--,2015-03-27 23:42:33.404458,2015-03-27 23:42:33.404458
130,54,VA,11:45,13:25,----F--,2015-03-27 23:42:33.406752,2015-03-27 23:42:33.406752
131,54,VB,11:45,13:25,----F--,2015-03-27 23:42:33.409118,2015-03-27 23:42:33.409118
132,55,XE,15:30,17:10,----F--,2015-03-27 23:42:33.411532,2015-03-27 23:42:33.411532
133,55,XF,15:30,17:10,----F--,2015-03-27 23:42:33.413848,2015-03-27 23:42:33.413848
134,56,FA,14:15,16:05,---J---,2015-03-27 23:42:33.416116,2015-03-27 23:42:33.416116
135,56,FB,14:15,16:05,-T-----,2015-03-27 23:42:33.418270,2015-03-27 23:42:33.418270
136,57,UA,11:45,13:35,--W----,2015-03-27 23:42:33.420722,2015-03-27 23:42:33.420722
137,57,UB,11:45,13:35,----F--,2015-03-27 23:42:33.423034,2015-03-27 23:42:33.423034
138,71,AE,16:15,18:05,---J---,2015-03-27 23:42:33.425582,2015-03-27 23:42:33.425582
139,71,AF,16:15,18:05,-T-----,2015-03-27 23:42:33.427747,2015-03-27 23:42:33.427747
140,71,AG,16:15,18:05,---J---,2015-03-27 23:42:33.429781,2015-03-27 23:42:33.429781
141,71,AH,16:15,18:05,-T-----,2015-03-27 23:42:33.432257,2015-03-27 23:42:33.432257
142,67,AI,18:30,20:20,M------,2015-03-27 23:42:33.434314,2015-03-27 23:42:33.434314
143,67,AJ,18:30,20:20,--W----,2015-03-27 23:42:33.436291,2015-03-27 23:42:33.436291
144,67,AK,16:15,18:05,M------,2015-03-27 23:42:33.438405,2015-03-27 23:42:33.438405
145,67,AL,16:15,18:05,--W----,2015-03-27 23:42:33.440589,2015-03-27 23:42:33.440589
146,60,GA,17:45,18:35,-T-----,2015-03-27 23:42:33.443011,2015-03-27 23:42:33.443011
147,60,GB,18:45,19:35,-T-----,2015-03-27 23:42:33.445162,2015-03-27 23:42:33.445162
148,60,GC,17:45,18:35,-T-----,2015-03-27 23:42:33.447142,2015-03-27 23:42:33.447142
149,60,GD,18:45,19:35,---J---,2015-03-27 23:42:33.449229,2015-03-27 23:42:33.449229
150,61,HA,17:45,18:35,---J---,2015-03-27 23:42:33.451307,2015-03-27 23:42:33.451307
151,61,HB,19:45,20:35,---J---,2015-03-27 23:42:33.453777,2015-03-27 23:42:33.453777
152,61,HC,19:45,20:35,-T-----,2015-03-27 23:42:33.455977,2015-03-27 23:42:33.455977
153,61,HD,19:45,20:35,-T-----,2015-03-27 23:42:33.458422,2015-03-27 23:42:33.458422
154,62,FA,17:45,18:35,M------,2015-03-27 23:42:33.460564,2015-03-27 23:42:33.460564
155,62,FB,18:45,19:35,M------,2015-03-27 23:42:33.462614,2015-03-27 23:42:33.462614
156,62,FC,17:45,18:35,M------,2015-03-27 23:42:33.465380,2015-03-27 23:42:33.465380
157,62,FD,18:45,19:35,--W----,2015-03-27 23:42:33.467501,2015-03-27 23:42:33.467501
158,63,IA,17:45,18:35,--W----,2015-03-27 23:42:33.469603,2015-03-27 23:42:33.469603
159,63,IB,18:45,19:35,--W----,2015-03-27 23:42:33.471666,2015-03-27 23:42:33.471666
160,63,IC,17:45,18:35,--W----,2015-03-27 23:42:33.473797,2015-03-27 23:42:33.473797
161,63,ID,18:45,19:35,M------,2015-03-27 23:42:33.476429,2015-03-27 23:42:33.476429
162,64,RA,17:45,18:35,-T-----,2015-03-27 23:42:33.478477,2015-03-27 23:42:33.478477
163,64,RB,17:45,18:35,-T-----,2015-03-27 23:42:33.480449,2015-03-27 23:42:33.480449
164,64,RC,18:45,19:35,---J---,2015-03-27 23:42:33.482429,2015-03-27 23:42:33.482429
165,64,RD,18:45,19:35,---J---,2015-03-27 23:42:33.484505,2015-03-27 23:42:33.484505
166,65,SA,17:45,18:35,---J---,2015-03-27 23:42:33.486936,2015-03-27 23:42:33.486936
167,65,SB,17:45,18:35,---J---,2015-03-27 23:42:33.489905,2015-03-27 23:42:33.489905
168,65,SC,18:45,19:35,-T-----,2015-03-27 23:42:33.492196,2015-03-27 23:42:33.492196
169,65,SD,18:45,19:35,-T-----,2015-03-27 23:42:33.494473,2015-03-27 23:42:33.494473
170,71,AE,16:40,18:20,M-W----,2015-03-27 23:42:33.496884,2015-03-27 23:42:33.496884
171,71,AF,8:45,10:25,-T-J---,2015-03-27 23:42:33.499241,2015-03-27 23:42:33.499241
172,67,AG,8:45,10:25,-T-J---,2015-03-27 23:42:33.501499,2015-03-27 23:42:33.501499
173,67,AH,16:40,18:20,M-W----,2015-03-27 23:42:33.503652,2015-03-27 23:42:33.503652
174,68,TA,8:30,10:10,-T-----,2015-03-27 23:42:33.505747,2015-03-27 23:42:33.505747
175,68,TB,8:30,10:10,---J---,2015-03-27 23:42:33.507908,2015-03-27 23:42:33.507908
176,74,XA,8:30,10:10,-T-----,2015-03-27 23:42:33.510315,2015-03-27 23:42:33.510315
177,74,XB,8:30,10:10,---J---,2015-03-27 23:42:33.512787,2015-03-27 23:42:33.512787
178,70,YA,8:45,10:25,--W----,2015-03-27 23:42:33.515046,2015-03-27 23:42:33.515046
179,70,YB,8:45,10:25,--W----,2015-03-27 23:42:33.516991,2015-03-27 23:42:33.516991
180,71,AE,17:30,18:20,-T-J---,2015-03-27 23:42:33.519312,2015-03-27 23:42:33.519312
181,71,AF,17:30,18:20,-T-J---,2015-03-27 23:42:33.521516,2015-03-27 23:42:33.521516
182,72,LA,10:15,11:05,M------,2015-03-27 23:42:33.523891,2015-03-27 23:42:33.523891
183,72,LB,10:15,11:05,--W----,2015-03-27 23:42:33.526239,2015-03-27 23:42:33.526239
184,73,VA,13:15,14:05,--W----,2015-03-27 23:42:33.528911,2015-03-27 23:42:33.528911
185,73,VB,13:15,14:05,----F--,2015-03-27 23:42:33.531339,2015-03-27 23:42:33.531339
186,74,XA,15:15,16:05,----F--,2015-03-27 23:42:33.533534,2015-03-27 23:42:33.533534
187,74,XB,16:15,17:05,----F--,2015-03-27 23:42:33.535791,2015-03-27 23:42:33.535791
188,74,EA,15:15,16:05,----F--,2015-03-27 23:42:33.538215,2015-03-27 23:42:33.538215
189,74,EB,16:15,17:05,----F--,2015-03-27 23:42:33.541019,2015-03-27 23:42:33.541019
190,75,CE,21:15,22:05,M-W----,2015-03-27 23:42:33.543388,2015-03-27 23:42:33.543388
191,75,CF,21:15,22:05,M-W----,2015-03-27 23:42:33.545681,2015-03-27 23:42:33.545681
192,75,CG,21:15,22:05,M-W----,2015-03-27 23:42:33.547911,2015-03-27 23:42:33.547911
193,76,CE,21:15,22:05,M-W----,2015-03-27 23:42:33.550568,2015-03-27 23:42:33.550568
194,76,CF,21:15,22:05,M-W----,2015-03-27 23:42:33.553037,2015-03-27 23:42:33.553037
195,76,CG,21:15,22:05,M-W----,2015-03-27 23:42:33.555226,2015-03-27 23:42:33.555226
196,77,RA,11:45,12:35,M------,2015-03-27 23:42:33.558938,2015-03-27 23:42:33.558938
197,77,RB,10:15,11:05,M------,2015-03-27 23:42:33.561439,2015-03-27 23:42:33.561439
198,78,SA,13:15,14:05,-T-----,2015-03-27 23:42:33.563666,2015-03-27 23:42:33.563666
199,78,SB,13:15,14:05,---J---,2015-03-27 23:42:33.565754,2015-03-27 23:42:33.565754
200,79,FA,17:45,18:35,-T-----,2015-03-27 23:42:33.567825,2015-03-27 23:42:33.567825
201,79,FB,17:45,18:35,--W----,2015-03-27 23:42:33.569779,2015-03-27 23:42:33.569779
202,80,TA,10:15,11:05,----F--,2015-03-27 23:42:33.572129,2015-03-27 23:42:33.572129
203,80,TB,10:15,11:05,----F--,2015-03-27 23:42:33.575067,2015-03-27 23:42:33.575067
204,81,WA,8:45,9:35,--W----,2015-03-27 23:42:33.577463,2015-03-27 23:42:33.577463
205,81,WB,8:45,9:35,----F--,2015-03-27 23:42:33.579872,2015-03-27 23:42:33.579872
206,82,UA,14:45,15:35,----F--,2015-03-27 23:42:33.584084,2015-03-27 23:42:33.584084
207,82,UB,14:45,15:35,M------,2015-03-27 23:42:33.587128,2015-03-27 23:42:33.587128
208,83,AE,21:10,22:00,-T-J---,2015-03-27 23:42:33.590422,2015-03-27 23:42:33.590422
209,83,AF,17:30,18:20,-T-J---,2015-03-27 23:42:33.593332,2015-03-27 23:42:33.593332
210,84,CE,21:10,22:00,-T-J---,2015-03-27 23:42:33.596299,2015-03-27 23:42:33.596299
211,84,CF,21:10,22:00,-T-J---,2015-03-27 23:42:33.598708,2015-03-27 23:42:33.598708
212,85,FA,14:15,15:05,----F--,2015-03-27 23:42:33.601036,2015-03-27 23:42:33.601036
213,85,FB,16:15,17:05,----F--,2015-03-27 23:42:33.603580,2015-03-27 23:42:33.603580
214,86,MA,15:15,16:05,----F--,2015-03-27 23:42:33.605831,2015-03-27 23:42:33.605831
215,86,MB,15:15,16:05,----F--,2015-03-27 23:42:33.608076,2015-03-27 23:42:33.608076
216,86,MC,15:15,16:05,----F--,2015-03-27 23:42:33.610408,2015-03-27 23:42:33.610408
217,87,SA,14:15,15:05,----F--,2015-03-27 23:42:33.612657,2015-03-27 23:42:33.612657
218,87,SB,16:15,17:05,----F--,2015-03-27 23:42:33.615447,2015-03-27 23:42:33.615447
219,88,VA,11:45,12:35,----F--,2015-03-27 23:42:33.617810,2015-03-27 23:42:33.617810
220,88,VB,13:15,14:05,----F--,2015-03-27 23:42:33.619997,2015-03-27 23:42:33.619997
221,89,XA,13:15,14:05,----F--,2015-03-27 23:42:33.622205,2015-03-27 23:42:33.622205
222,89,XB,15:15,16:05,----F--,2015-03-27 23:42:33.624757,2015-03-27 23:42:33.624757
223,90,UA,20:30,21:20,---J---,2015-03-27 23:42:33.627250,2015-03-27 23:42:33.627250
224,90,UB,20:35,21:25,---J---,2015-03-27 23:42:33.629614,2015-03-27 23:42:33.629614
225,111,DA,20:30,21:20,-T-----,2015-03-27 23:42:33.631890,2015-03-27 23:42:33.631890
226,108,QA,20:30,21:20,-T-----,2015-03-27 23:42:33.634616,2015-03-27 23:42:33.634616
227,109,AE,16:40,18:20,M-W----,2015-03-27 23:42:33.637680,2015-03-27 23:42:33.637680
228,109,AF,16:40,18:20,M-W----,2015-03-27 23:42:33.640073,2015-03-27 23:42:33.640073
229,110,UA,14:45,16:25,M------,2015-03-27 23:42:33.642612,2015-03-27 23:42:33.642612
230,110,UB,14:45,16:25,--W----,2015-03-27 23:42:33.644937,2015-03-27 23:42:33.644937
231,111,DA,20:30,22:10,--W----,2015-03-27 23:42:33.647480,2015-03-27 23:42:33.647480
232,111,DB,20:30,22:10,--W----,2015-03-27 23:42:33.649915,2015-03-27 23:42:33.649915
233,111,DC,20:30,22:10,M------,2015-03-27 23:42:33.652153,2015-03-27 23:42:33.652153
234,112,PA,20:30,22:10,-T-----,2015-03-27 23:42:33.654412,2015-03-27 23:42:33.654412
235,112,PB,20:30,22:10,-T-----,2015-03-27 23:42:33.656570,2015-03-27 23:42:33.656570
236,112,PC,20:30,22:10,-T-----,2015-03-27 23:42:33.659176,2015-03-27 23:42:33.659176
237,113,AE,13:45,15:25,-T-J---,2015-03-27 23:42:33.661366,2015-03-27 23:42:33.661366
238,120,QA,16:15,17:55,-T-----,2015-03-27 23:42:33.663450,2015-03-27 23:42:33.663450
239,120,QB,14:45,16:25,---J---,2015-03-27 23:42:33.665542,2015-03-27 23:42:33.665542
240,115,RA,16:15,17:55,-T-----,2015-03-27 23:42:33.667625,2015-03-27 23:42:33.667625
241,115,RB,16:15,17:55,-T-----,2015-03-27 23:42:33.670186,2015-03-27 23:42:33.670186
242,122,DA,20:30,22:10,--W----,2015-03-27 23:42:33.672483,2015-03-27 23:42:33.672483
243,122,DB,20:30,22:10,--W----,2015-03-27 23:42:33.675149,2015-03-27 23:42:33.675149
244,117,SA,14:45,16:25,-T-----,2015-03-27 23:42:33.677433,2015-03-27 23:42:33.677433
245,117,SB,14:45,16:25,-T-----,2015-03-27 23:42:33.679883,2015-03-27 23:42:33.679883
246,118,NA,20:30,22:10,---J---,2015-03-27 23:42:33.682370,2015-03-27 23:42:33.682370
247,118,NB,20:30,22:10,-T-----,2015-03-27 23:42:33.684625,2015-03-27 23:42:33.684625
248,119,CE,16:40,18:20,-T-J---,2015-03-27 23:42:33.686750,2015-03-27 23:42:33.686750
249,119,CF,11:15,13:00,--W-F--,2015-03-27 23:42:33.688799,2015-03-27 23:42:33.688799
250,120,QA,10:15,11:55,-T-----,2015-03-27 23:42:33.692032,2015-03-27 23:42:33.692032
251,120,QB,10:15,11:55,-T-----,2015-03-27 23:42:33.694898,2015-03-27 23:42:33.694898
252,121,NA,14:45,16:35,M------,2015-03-27 23:42:33.697280,2015-03-27 23:42:33.697280
253,121,NB,14:45,16:35,M------,2015-03-27 23:42:33.700241,2015-03-27 23:42:33.700241
254,122,DA,11:45,13:35,---J---,2015-03-27 23:42:33.703059,2015-03-27 23:42:33.703059
255,122,DB,11:45,13:35,---J---,2015-03-27 23:42:33.705359,2015-03-27 23:42:33.705359
256,123,AE,16:40,18:20,M-W----,2015-03-27 23:42:33.707679,2015-03-27 23:42:33.707679
257,123,AF,16:40,18:20,M-W----,2015-03-27 23:42:33.709846,2015-03-27 23:42:33.709846
258,123,AG,16:40,18:20,M-W----,2015-03-27 23:42:33.712551,2015-03-27 23:42:33.712551
259,124,QA,10:15,11:55,M------,2015-03-27 23:42:33.714815,2015-03-27 23:42:33.714815
260,124,QB,10:15,11:55,--W----,2015-03-27 23:42:33.716883,2015-03-27 23:42:33.716883
261,124,QC,8:45,10:25,----F--,2015-03-27 23:42:33.718967,2015-03-27 23:42:33.718967
262,124,QD,10:15,11:55,M------,2015-03-27 23:42:33.721055,2015-03-27 23:42:33.721055
263,125,RA,8:45,10:25,----F--,2015-03-27 23:42:33.723445,2015-03-27 23:42:33.723445
264,125,RB,10:15,11:55,M------,2015-03-27 23:42:33.725898,2015-03-27 23:42:33.725898
265,125,RC,10:15,11:55,--W----,2015-03-27 23:42:33.728242,2015-03-27 23:42:33.728242
266,126,EA,11:45,13:35,-T-----,2015-03-27 23:42:33.730552,2015-03-27 23:42:33.730552
267,126,EB,11:45,13:35,---J---,2015-03-27 23:42:33.732906,2015-03-27 23:42:33.732906
268,126,EC,17:45,19:35,M------,2015-03-27 23:42:33.735783,2015-03-27 23:42:33.735783
269,127,UA,11:45,13:25,----F--,2015-03-27 23:42:33.738137,2015-03-27 23:42:33.738137
270,127,UB,11:45,13:25,--W----,2015-03-27 23:42:33.740247,2015-03-27 23:42:33.740247
271,128,WA,10:15,11:50,M------,2015-03-27 23:42:33.742317,2015-03-27 23:42:33.742317
272,128,WB,14:45,16:25,--W----,2015-03-27 23:42:33.744222,2015-03-27 23:42:33.744222
273,129,CE,18:20,20:00,-T-J---,2015-03-27 23:42:33.746821,2015-03-27 23:42:33.746821
274,129,CF,18:20,20:00,M-W----,2015-03-27 23:42:33.748967,2015-03-27 23:42:33.748967
275,130,DA,12:45,14:25,M------,2015-03-27 23:42:33.751051,2015-03-27 23:42:33.751051
276,130,DB,16:15,17:55,--W----,2015-03-27 23:42:33.753104,2015-03-27 23:42:33.753104
277,131,SA,10:15,11:55,--W----,2015-03-27 23:42:33.755148,2015-03-27 23:42:33.755148
278,131,SB,11:45,13:25,M------,2015-03-27 23:42:33.757511,2015-03-27 23:42:33.757511
279,132,UA,10:15,11:55,M------,2015-03-27 23:42:33.760454,2015-03-27 23:42:33.760454
280,132,UB,11:45,13:25,--W----,2015-03-27 23:42:33.762845,2015-03-27 23:42:33.762845
281,133,PA,20:30,22:10,---J---,2015-03-27 23:42:33.765193,2015-03-27 23:42:33.765193
282,133,PB,17:45,19:25,----F--,2015-03-27 23:42:33.767671,2015-03-27 23:42:33.767671
283,133,PC,20:30,22:10,---J---,2015-03-27 23:42:33.770097,2015-03-27 23:42:33.770097
284,133,PD,17:45,19:25,----F--,2015-03-27 23:42:33.772517,2015-03-27 23:42:33.772517
285,134,DA,20:30,21:20,M------,2015-03-27 23:42:33.775014,2015-03-27 23:42:33.775014
286,134,DB,21:30,22:20,M------,2015-03-27 23:42:33.777433,2015-03-27 23:42:33.777433
287,135,AE,17:30,18:20,-T-J---,2015-03-27 23:42:33.780219,2015-03-27 23:42:33.780219
288,135,AF,17:30,18:20,-T-J---,2015-03-27 23:42:33.782609,2015-03-27 23:42:33.782609
289,136,EA,11:45,12:35,---J---,2015-03-27 23:42:33.784813,2015-03-27 23:42:33.784813
290,136,EB,11:45,12:35,---J---,2015-03-27 23:42:33.786942,2015-03-27 23:42:33.786942
291,137,GA,10:15,11:05,-T-----,2015-03-27 23:42:33.789032,2015-03-27 23:42:33.789032
292,138,NA,13:15,14:05,-T-----,2015-03-27 23:42:33.793038,2015-03-27 23:42:33.793038
293,139,FA,11:45,13:35,M------,2015-03-27 23:42:33.795300,2015-03-27 23:42:33.795300
294,143,CA,17:30,18:20,-T-J---,2015-03-27 23:42:33.797370,2015-03-27 23:42:33.797370
295,143,CB,17:30,18:20,-T-J---,2015-03-27 23:42:33.799457,2015-03-27 23:42:33.799457
296,144,DA,20:30,21:20,-T-----,2015-03-27 23:42:33.801515,2015-03-27 23:42:33.801515
297,144,DB,20:30,21:20,-T-----,2015-03-27 23:42:33.804142,2015-03-27 23:42:33.804142
298,145,NA,20:20,21:10,--W----,2015-03-27 23:42:33.806357,2015-03-27 23:42:33.806357
299,145,NB,13:15,14:05,M------,2015-03-27 23:42:33.808901,2015-03-27 23:42:33.808901
300,146,WA,20:00,21:10,-T-----,2015-03-27 23:42:33.811686,2015-03-27 23:42:33.811686
301,146,WB,13:15,14:05,----F--,2015-03-27 23:42:33.814377,2015-03-27 23:42:33.814377
302,147,CE,13:15,14:05,M-W----,2015-03-27 23:42:33.816847,2015-03-27 23:42:33.816847
303,147,CF,13:15,14:05,M-W----,2015-03-27 23:42:33.819101,2015-03-27 23:42:33.819101
304,147,CG,13:15,14:05,M-W----,2015-03-27 23:42:33.821411,2015-03-27 23:42:33.821411
305,148,UA,10:15,11:05,M------,2015-03-27 23:42:33.824704,2015-03-27 23:42:33.824704
306,148,UB,10:15,11:05,M------,2015-03-27 23:42:33.827003,2015-03-27 23:42:33.827003
307,149,DA,14:45,15:35,-T-----,2015-03-27 23:42:33.829118,2015-03-27 23:42:33.829118
308,149,DB,14:45,15:35,---J---,2015-03-27 23:42:33.831163,2015-03-27 23:42:33.831163
309,150,EI,16:15,17:05,M------,2015-03-27 23:42:33.833234,2015-03-27 23:42:33.833234
310,150,EJ,16:15,17:05,--W----,2015-03-27 23:42:33.835259,2015-03-27 23:42:33.835259
311,151,AE,17:30,18:20,M-W----,2015-03-27 23:42:33.837700,2015-03-27 23:42:33.837700
312,151,AF,16:30,17:20,M-W----,2015-03-27 23:42:33.839987,2015-03-27 23:42:33.839987
313,152,GA,14:45,15:35,----F--,2015-03-27 23:42:33.842087,2015-03-27 23:42:33.842087
314,152,GB,11:45,12:35,M------,2015-03-27 23:42:33.844059,2015-03-27 23:42:33.844059
315,152,GC,11:45,12:35,M------,2015-03-27 23:42:33.845980,2015-03-27 23:42:33.845980
316,153,HA,14:45,15:35,-T-----,2015-03-27 23:42:33.848224,2015-03-27 23:42:33.848224
317,153,HB,14:45,15:35,---J---,2015-03-27 23:42:33.850428,2015-03-27 23:42:33.850428
318,154,XA,16:15,17:05,M------,2015-03-27 23:42:33.852514,2015-03-27 23:42:33.852514
319,154,XB,16:15,17:05,--W----,2015-03-27 23:42:33.854527,2015-03-27 23:42:33.854527
320,155,CE,13:15,14:05,M-W----,2015-03-27 23:42:33.856568,2015-03-27 23:42:33.856568
321,156,FA,12:15,13:05,---J---,2015-03-27 23:42:33.858662,2015-03-27 23:42:33.858662
322,157,WA,16:15,17:05,--W----,2015-03-27 23:42:33.860899,2015-03-27 23:42:33.860899
323,157,WB,16:15,17:05,--W----,2015-03-27 23:42:33.862980,2015-03-27 23:42:33.862980
324,158,BE,17:30,18:20,--W----,2015-03-27 23:42:33.864935,2015-03-27 23:42:33.864935
325,158,BF,17:30,18:20,--W----,2015-03-27 23:42:33.866976,2015-03-27 23:42:33.866976
326,159,EA,13:15,14:05,----F--,2015-03-27 23:42:33.869056,2015-03-27 23:42:33.869056
327,159,EF,13:15,14:05,----F--,2015-03-27 23:42:33.871358,2015-03-27 23:42:33.871358
328,160,PA,20:30,21:20,---J---,2015-03-27 23:42:33.873538,2015-03-27 23:42:33.873538
329,160,PB,20:30,21:20,---J---,2015-03-27 23:42:33.875506,2015-03-27 23:42:33.875506
330,161,DA,20:30,21:20,----F--,2015-03-27 23:42:33.877477,2015-03-27 23:42:33.877477
331,162,NA,17:45,18:35,--W----,2015-03-27 23:42:33.879627,2015-03-27 23:42:33.879627
332,170,FA,20:30,21:20,---J---,2015-03-27 23:42:33.881901,2015-03-27 23:42:33.881901
333,170,FB,20:30,21:20,---J---,2015-03-27 23:42:33.884379,2015-03-27 23:42:33.884379
334,174,NA,13:15,14:05,--W----,2015-03-27 23:42:33.886606,2015-03-27 23:42:33.886606
335,191,HA,16:15,17:55,--W----,2015-03-27 23:42:33.897244,2015-03-27 23:42:33.897244
336,191,HB,16:15,17:55,--W----,2015-03-27 23:42:33.903758,2015-03-27 23:42:33.903758
337,191,HC,16:15,17:55,--W----,2015-03-27 23:42:33.906712,2015-03-27 23:42:33.906712
338,192,DA,20:30,22:10,-T-----,2015-03-27 23:42:33.909733,2015-03-27 23:42:33.909733
339,192,DB,20:30,22:10,-T-----,2015-03-27 23:42:33.912665,2015-03-27 23:42:33.912665
340,193,CE,8:45,10:25,M-W----,2015-03-27 23:42:33.915244,2015-03-27 23:42:33.915244
341,193,CF,8:45,10:25,M-W----,2015-03-27 23:42:33.917659,2015-03-27 23:42:33.917659
342,194,QA,10:15,11:55,-T-----,2015-03-27 23:42:33.920298,2015-03-27 23:42:33.920298
343,194,QB,18:15,19:55,---J---,2015-03-27 23:42:33.922742,2015-03-27 23:42:33.922742
344,195,SA,10:15,11:55,-T-----,2015-03-27 23:42:33.925452,2015-03-27 23:42:33.925452
345,195,SB,10:15,11:55,---J---,2015-03-27 23:42:33.928231,2015-03-27 23:42:33.928231
346,196,UA,16:15,17:55,-T-----,2015-03-27 23:42:33.930899,2015-03-27 23:42:33.930899
347,196,UB,16:15,17:55,---J---,2015-03-27 23:42:33.933424,2015-03-27 23:42:33.933424
348,196,UC,15:15,16:55,----F--,2015-03-27 23:42:33.935796,2015-03-27 23:42:33.935796
349,196,UD,16:15,17:55,-T-----,2015-03-27 23:42:33.937997,2015-03-27 23:42:33.937997
350,198,GA,20:30,21:20,M------,2015-03-27 23:42:33.940273,2015-03-27 23:42:33.940273
351,198,GB,20:30,21:20,M------,2015-03-27 23:42:33.943000,2015-03-27 23:42:33.943000
352,199,UA,14:15,16:05,----F--,2015-03-27 23:42:33.945373,2015-03-27 23:42:33.945373
353,199,UB,14:15,16:05,----F--,2015-03-27 23:42:33.947707,2015-03-27 23:42:33.947707
354,200,HA,11:45,12:35,----F--,2015-03-27 23:42:33.957558,2015-03-27 23:42:33.957558
355,200,HB,12:45,13:35,----F--,2015-03-27 23:42:33.977136,2015-03-27 23:42:33.977136
356,201,SA,12:15,13:05,----F--,2015-03-27 23:42:33.979866,2015-03-27 23:42:33.979866
357,201,SB,13:15,14:05,----F--,2015-03-27 23:42:33.982341,2015-03-27 23:42:33.982341
358,201,SC,14:15,15:05,----F--,2015-03-27 23:42:33.984908,2015-03-27 23:42:33.984908
359,202,HA,15:45,16:35,----F--,2015-03-27 23:42:33.987303,2015-03-27 23:42:33.987303
360,202,HB,15:45,16:35,----F--,2015-03-27 23:42:33.989942,2015-03-27 23:42:33.989942
361,203,HA,14:45,15:35,----F--,2015-03-27 23:42:33.992750,2015-03-27 23:42:33.992750
362,203,HB,14:45,15:35,----F--,2015-03-27 23:42:33.995313,2015-03-27 23:42:33.995313
363,204,SA,14:45,15:35,---J---,2015-03-27 23:42:33.997766,2015-03-27 23:42:33.997766
364,205,SA,16:15,17:05,--W----,2015-03-27 23:42:34.000407,2015-03-27 23:42:34.000407
365,205,SB,17:45,18:35,--W----,2015-03-27 23:42:34.002946,2015-03-27 23:42:34.002946
366,206,SA,11:45,12:35,----F--,2015-03-27 23:42:34.005442,2015-03-27 23:42:34.005442
367,207,FA,9:15,10:05,----F--,2015-03-27 23:42:34.007776,2015-03-27 23:42:34.007776
368,208,SA,10:45,11:35,-T-----,2015-03-27 23:42:34.010423,2015-03-27 23:42:34.010423
369,208,SB,10:45,11:35,---J---,2015-03-27 23:42:34.012803,2015-03-27 23:42:34.012803
370,208,SC,10:45,11:35,M------,2015-03-27 23:42:34.014984,2015-03-27 23:42:34.014984
371,209,FA,11:45,12:35,----F--,2015-03-27 23:42:34.017077,2015-03-27 23:42:34.017077
372,209,FB,11:45,12:35,----F--,2015-03-27 23:42:34.019206,2015-03-27 23:42:34.019206
373,210,SA,18:15,19:05,M------,2015-03-27 23:42:34.021511,2015-03-27 23:42:34.021511
374,210,SB,18:15,19:05,M------,2015-03-27 23:42:34.024384,2015-03-27 23:42:34.024384
375,211,ME,20:20,21:05,--W----,2015-03-27 23:42:34.026713,2015-03-27 23:42:34.026713
376,212,HA,14:45,15:35,-T-----,2015-03-27 23:42:34.029058,2015-03-27 23:42:34.029058
377,213,NA,16:25,17:15,--W----,2015-03-27 23:42:34.031310,2015-03-27 23:42:34.031310
378,218,CE,15:00,16:40,-T-J---,2015-03-27 23:42:34.033911,2015-03-27 23:42:34.033911
379,218,CF,15:00,16:40,-T-J---,2015-03-27 23:42:34.036499,2015-03-27 23:42:34.036499
380,219,TA,13:15,14:55,----F--,2015-03-27 23:42:34.038757,2015-03-27 23:42:34.038757
381,220,VA,14:45,16:25,--W----,2015-03-27 23:42:34.041464,2015-03-27 23:42:34.041464
382,220,VB,14:45,16:25,--W----,2015-03-27 23:42:34.044414,2015-03-27 23:42:34.044414
383,221,JA,9:45,11:25,--W----,2015-03-27 23:42:34.046991,2015-03-27 23:42:34.046991
384,221,JB,10:15,11:55,--W----,2015-03-27 23:42:34.049381,2015-03-27 23:42:34.049381
385,215,SA,14:45,15:35,--W----,2015-03-27 23:42:34.051872,2015-03-27 23:42:34.051872
387,223,AL,8:20,10:00,M------,2015-03-27 23:42:34.049381,2015-03-27 23:42:34.049381
388,223,AM,17:45,19:25,M------,2015-03-28 22:00:34.049381,2015-03-28 22:00:34.049381
389,223,AN,17:45,19:25,M------,2015-03-28 22:00:34.049381,2015-03-28 22:00:34.049381
390,223,AO,17:45,19:25,M------,2015-03-28 22:00:34.049381,2015-03-28 22:00:34.049381
391,224,BA,16:15,17:55,--W----,2015-03-28 22:00:34.049381,2015-03-28 22:00:34.049381
392,224,BB,17:45,19:25,--W----,2015-03-28 22:00:34.049381,2015-03-28 22:00:34.049381
393,224,BC,16:15,17:55,--W----,2015-03-28 22:00:34.049381,2015-03-28 22:00:34.049381
394,224,BD,17:45,19:25,--W----,2015-03-28 22:00:34.049381,2015-03-28 22:00:34.049381
395,225,BN,20:30,22:10,-T-----,2015-03-28 22:00:34.049381,2015-03-28 22:00:34.049381
396,225,BO,17:45,17:25,----F--,2015-03-28 22:00:34.049381,2015-03-28 22:00:34.049381
397,225,BP,16:15,17:55,----F--,2015-03-28 22:00:34.049381,2015-03-28 22:00:34.049381
398,225,BQ,17:45,17:25,---J---,2015-03-28 22:00:34.049381,2015-03-28 22:00:34.049381
399,226,EO,16:15,17:55,---J---,2015-03-28 22:00:34.049381,2015-03-28 22:00:34.049381
400,226,EQ,20:30,22:10,-T-----,2015-03-28 22:00:34.049381,2015-03-28 22:00:34.049381
401,226,ER,20:30,22:10,-T-----,2015-03-28 22:00:34.049381,2015-03-28 22:00:34.049381
402,227,AI,8:30,10:10,-T-J---,2015-03-28 22:00:34.049381,2015-03-28 22:00:34.049381
403,227,AJ,14:00,16:40,-T-J---,2015-03-28 22:00:34.049381,2015-03-28 22:00:34.049381
405,227,AK,8:45,10:25,M-W----,2015-03-28 22:00:34.049381,2015-03-28 22:00:34.049381
406,228,AL,8:45,10:25,-T-J---,2015-03-28 22:00:34.049381,2015-03-28 22:00:34.049381
407,228,AM,14:00,15:30,-T-J---,2015-03-28 22:00:34.049381,2015-03-28 22:00:34.049381
408,228,AN,8:45,10:25,M-W----,"2015-03-28 
22:00:34.049381",2015-03-28 22:00:34.049381
409,229,CO,8:45,10:25,M-W----,2015-03-28 22:00:34.049381,2015-03-28 22:00:34.049381
410,229,CP,16:00,17:40,M-W----,2015-03-28 22:00:34.049381,2015-03-28 22:00:34.049381
411,260,01,13:30,15:30,-T-----,2015-04-03 11:02:34.049381,2015-04-03 11:02:34.049381
412,260,02,15:30,17:30,-T-----,2015-04-03 11:02:34.049381,2015-04-03 11:02:34.049381
413,260,05,13:30,15:30,---J---,2015-04-03 11:02:34.049381,2015-04-03 11:02:34.049381
414,260,06,15:30,17:30,---J---,2015-04-03 11:02:34.049381,2015-04-03 11:02:34.049381
415,261,01,13:30,15:30,-T-----,2015-04-03 11:02:34.049381,2015-04-03 11:02:34.049381
416,261,02,15:30,17:30,-T-----,2015-04-03 11:02:34.049381,2015-04-03 11:02:34.049381
417,261,03,13:30,15:30,--W----,2015-04-03 11:02:34.049381,2015-04-03 11:02:34.049381
418,261,04,15:30,17:30,--W----,2015-04-03 11:02:34.049381,2015-04-03 11:02:34.049381
419,261,05,13:30,15:30,---J---,2015-04-03 11:02:34.049381,2015-04-03 11:02:34.049381
420,261,06,15:30,17:30,---J---,2015-04-03 11:02:34.049381,2015-04-03 11:02:34.049381
421,262,01L,9:00,13:00,M------,2015-04-03 11:02:34.049381,2015-04-03 11:02:34.049381
422,262,02L,13:30,17:30,M------,2015-04-03 11:02:34.049381,2015-04-03 11:02:34.049381
423,262,03L,13:30,17:30,-T-----,2015-04-03 11:02:34.049381,2015-04-03 11:02:34.049381
424,262,04L,13:30,17:30,---J---,2015-04-03 11:02:34.049381,2015-04-03 11:02:34.049381
425,263,51L,18:30,22:30,M------,2015-04-03 11:02:34.049381,2015-04-03 11:02:34.049381
426,263,52L,18:30,22:30,---J---,2015-04-03 11:02:34.049381,2015-04-03 11:02:34.049381
427,264,01L,9:00,13:00,M------,2015-04-03 11:02:34.049381,2015-04-03 11:02:34.049381
428,264,02L,13:30,17:30,-T-----,2015-04-03 11:02:34.049381,2015-04-03 11:02:34.049381
429,264,03L,13:30,17:30,--W----,2015-04-03 11:02:34.049381,2015-04-03 11:02:34.049381
430,264,04L,13:30,17:30,----F--,2015-04-03 11:02:34.049381,2015-04-03 11:02:34.049381
431,264,05L,9:00,13:00,----F--,2015-04-03 11:02:34.049381,2015-04-03 11:02:34.049381
432,265,51L,18:30,22:30,-T-----,2015-04-03 11:02:34.049381,2015-04-03 11:02:34.049381
433,265,52L,18:30,22:30,--W----,2015-04-03 11:02:34.049381,2015-04-03 11:02:34.049381
434,266,06L,13:30,17:30,M------,2015-04-03 11:02:34.049381,2015-04-03 11:02:34.049381
435,266,07L,13:30,17:30,--W----,2015-04-03 11:02:34.049381,2015-04-03 11:02:34.049381
436,266,08L,13:30,17:30,---J---,2015-04-03 11:02:34.049381,2015-04-03 11:02:34.049381
437,266,09L,9:00,13:00,----F--,2015-04-03 11:02:34.049381,2015-04-03 11:02:34.049381
438,266,10L,09:00,13:00,M------,2015-04-03 11:02:34.049381,2015-04-03 11:02:34.049381
439,267,52L,18:30,22:30,-T-----,2015-04-03 11:02:34.049381,2015-04-03 11:02:34.049381
440,267,56L,18:30,22:30,----F--,2015-04-03 11:02:34.049381,2015-04-03 11:02:34.049381
441,268,LA,20:30,21:30,M------,2015-04-03 11:02:34.049381,2015-04-03 11:02:34.049381
442,268,LB,18:30,19:30,-T-----,2015-04-03 11:02:34.049381,2015-04-03 11:02:34.049381
443,268,LC,19:30,20:30,--W----,2015-04-03 11:02:34.049381,2015-04-03 11:02:34.049381
444,268,LD,17:45,18:45,--W----,2015-04-03 11:02:34.049381,2015-04-03 11:02:34.049381
445,269,EA,13:15,14:05,-T-----,2015-04-03 11:02:34.049381,2015-04-03 11:02:34.049381
446,270,HA,13:15,14:05,---J---,2015-04-03 11:02:34.049381,2015-04-03 11:02:34.049381
447,271,MA,16:15,17:55,----F--,2015-04-03 11:02:34.049381,2015-04-03 11:02:34.049381
448,272,TA,10:15,11:30,-T-J---,2015-04-03 11:02:34.049381,2015-04-03 11:02:34.049381
449,273,XA,11:45,13:25,----F--,2015-04-03 11:02:34.049381,2015-04-03 11:02:34.049381
450,274,VA,11:45,13:25,----F--,2015-04-03 11:02:34.049381,2015-04-03 11:02:34.049381
451,275,WA,8:45,10:00,--W-F--,2015-04-03 11:02:34.049381,2015-04-03 11:02:34.049381
452,276,XE,15:30,17:10,----F--,2015-04-03 11:02:34.049381,2015-04-03 11:02:34.049381
453,277,EA,10:15,11:05,M------,2015-04-03 11:02:34.049381,2015-04-03 11:02:34.049381
454,277,EB,10:15,11:05,--W----,2015-04-03 11:02:34.049381,2015-04-03 11:02:34.049381
455,277,EC,13:15,14:05,----F--,2015-04-03 11:02:34.049381,2015-04-03 11:02:34.049381
456,277,ED,13:15,14:05,--W----,2015-04-03 11:02:34.049381,2015-04-03 11:02:34.049381
457,278,EA,15:15,16:05,----F--,2015-04-03 11:02:34.049381,2015-04-03 11:02:34.049381
458,278,EB,16:15,17:05,----F--,2015-04-03 11:02:34.049381,2015-04-03 11:02:34.049381
459,279,TA,15:15,16:05,----F--,2015-04-03 11:02:34.049381,2015-04-03 11:02:34.049381
460,280,YA,15:15,16:05,----F--,2015-04-03 11:02:34.049381,2015-04-03 11:02:34.049381
461,281,MA,15:15,16:05,----F--,2015-04-03 11:02:34.049381,2015-04-03 11:02:34.049381
462,140,DJ,20:30,22:20,--W----,2015-04-03 11:02:34.049381,2015-04-03 11:02:34.049381
463,141,NI,17:45,17:35,--W----,2015-04-03 11:02:34.049381,2015-04-03 11:02:34.049381
464,142,SJ,16:15,18:05,----F--,2015-04-03 11:02:34.049381,2015-04-03 11:02:34.049381
